track_id,title,alt_title,ethnic_group,subgroup,region,language,primary_theme,secondary_theme,emotion,secondary_emotion,usage_scene,imagery_keywords,performance_form,tempo,cultural_context,retrieval_notes,uncertainty_note,source_type,source_url,confidence_level,license_note,recording_type,audio_path,video_path
HN_01,吾处阿茨（栽秧山歌）,Wuchu Aci (Rice-Transplanting Mountain Song),哈尼族,,Yunnan Province; Honghe Hani and Yi Autonomous Prefecture; Honghe County (Puchun Village),Hani (hni),agriculture,community,joyful,peaceful,labor,rice_terrace;mountain;village;field;water,polyphonic,medium,"哈尼族多声部民歌是国家级非物质文化遗产（编号Ⅱ-30，2006年第一批），主要流传于云南省红河县普春村一带。《吾处阿茨》即栽秧山歌""，是哈尼族在梯田稻作劳动中演唱的多声部民歌，已采录到8个声部的原生形态，极为罕见。""","Rare 8-part polyphonic work song tied to Hani rice-terrace agriculture. Useful for queries about labor songs, polyphonic folk music, Yunnan ethnic music, and rice-terrace culture.",演唱时是否使用乐器伴奏因场合而异（有乐器伴奏与无乐器伴奏人声帮腔两种形式均存在），tempo标注为medium系基于劳动歌一般节奏的推断。,intangible_heritage_registry,https://www.ihchina.cn/project_details/12471/,high,,song_entry,,
HN_02,情歌,Love Song,哈尼族,,Yunnan Province; Honghe Hani and Yi Autonomous Prefecture; Honghe County (Puchun Village),Hani (hni),courtship,nature,yearning,bittersweet,community_gathering,mountain;village;rice_terrace;forest;night,polyphonic,slow,哈尼族多声部民歌国家级非遗代表性曲目之一，与《吾处阿茨》并列。情歌内容赞美爱情，演唱场合多样，梯田、山林和村寨均可，体现哈尼族青年男女在山野田园间的情感表达。,"Hani polyphonic love song sung in mountain and village settings. Useful for queries about ethnic minority love songs, polyphonic courtship music, and Yunnan folk traditions. Specific performance form and tempo are inferred from the general polyphonic tradition.","曲目仅以""情歌""命名，具体演唱形式（独唱/对唱/合唱）及tempo无法从标题精确判断，slow系基于多声部情歌一般风格的推断。",intangible_heritage_registry,https://www.ihchina.cn/project_details/12471/,medium,,song_entry,,
DG_01,布谷催春,Cuckoo Heralds Spring,侗族,,贵州省黎平县（广西三江侗族自治县亦有传承）,Dong (doc),agriculture,nature,joyful,peaceful,community_gathering,cuckoo;spring;field;village;drum_tower,choral,medium,"侗族大歌（嘎老）是UNESCO人类非物质文化遗产代表作（2009年入选），为无伴奏、无指挥的多声部合唱，以众低独高""为声部组合原则。《布谷催春》以布谷鸟鸣声模拟春耕时节，是侗族大歌中自然声音歌的代表性曲目，常在节日聚会时于鼓楼中演唱。""",适合检索侗族大歌、春耕季节歌、自然声音模拟、无伴奏合唱、贵州少数民族音乐等关键词。,地区标注以黎平县为主，广西三江亦有同类传承，具体演唱地点无法从标题单独确定。,intangible_heritage_registry,https://www.ihchina.cn/project_details/12466/,high,,song_entry,,
DG_02,蝉之歌,Song of the Cicada,侗族,,贵州省黎平县（广西三江侗族自治县亦有传承）,Dong (doc),nature,community,peaceful,joyful,community_gathering,cicada;summer;forest;village;drum_tower,choral,slow,侗族大歌代表性曲目，以模拟蝉鸣为核心声音意象，展现侗族人对自然声音的高度敏感与艺术转化能力。该曲常被选为侗族大歌对外展演的代表作，1994年及2001年春节晚会均有演出记录。,适合检索侗族大歌、自然声音歌、蝉鸣模拟、多声部合唱、人类非遗等关键词。,tempo标注为slow系基于侗族大歌声音歌悠长绵延风格的推断，具体速度因演唱团体而异。,intangible_heritage_registry,https://www.ihchina.cn/project_details/12466/,high,,song_entry,,
MI_01,赞美家乡歌,Song in Praise of Hometown,苗族,,贵州省雷山县,Miao/Hmong (hmj),community,nature,joyful,peaceful,community_gathering,mountain;village;terraced_field;sky;homeland,solo,fast,苗族飞歌是国家级非物质文化遗产（贵州省雷山县），音调高亢嘹亮，适合在山间户外远距离传递声音。《赞美家乡歌》是飞歌代表性曲目，以五言诗句赞美家乡山水，主题鲜明，形式简短，多采用独唱形式演唱。,适合检索苗族飞歌、赞美家乡、高亢山歌、贵州苗族音乐、户外演唱等关键词。,飞歌可采用独唱、对唱或合唱，此处标注solo系基于飞歌最常见的独唱形式；tempo标注fast系基于飞歌高亢激昂的音乐风格推断。,intangible_heritage_registry,https://www.ihchina.cn/project_details/12661/,high,,song_entry,,
MI_02,祝福老人歌,Blessing Song for the Elderly,苗族,,贵州省雷山县,Miao/Hmong (hmj),community,spirituality,solemn,joyful,ceremony,elder;village;blessing;mountain;festival,solo,medium,苗族飞歌代表性曲目，用于祝福长辈，体现苗族对老人的敬重与社区凝聚力。飞歌在苗族社会中广泛用于节庆、仪式及日常社交场合，以邀约亲朋、赞美对方、抒发胸臆为主要内容。,适合检索苗族飞歌、祝福歌、仪式歌曲、苗族社区音乐、贵州少数民族礼仪歌等关键词。,祝福老人的具体仪式场合（节庆/婚礼/日常）无法从标题单独确定，ceremony为推断；secondary_emotion joyful与solemn并存系基于祝福歌兼具庄重与喜庆的双重属性。,intangible_heritage_registry,https://www.ihchina.cn/project_details/12661/,medium,,song_entry,,
MG_01,走马,Galloping Horse,蒙古族,,内蒙古自治区,Mongolian (khk),nature,community,energetic,joyful,festival,horse;grassland;steppe;sky;gallop,solo,fast,蒙古族长调民歌（乌日汀哆）是UNESCO人类非物质文化遗产代表作（2005年入选），国家级非遗编号Ⅱ-3。《走马》是长调代表性曲目，以马奔驰的意象展现蒙古族游牧文化中人与马的深厚情感，旋律悠长舒缓中带有奔放气息，常在那达慕等节庆场合演唱。,适合检索蒙古族长调、马歌、草原音乐、游牧文化、内蒙古民歌等关键词。,长调整体风格悠长舒缓，但《走马》以马为主题，节奏相对较快；tempo标注fast系相对于其他长调曲目的比较推断，绝对速度仍属长调范畴。,intangible_heritage_registry,https://www.ihchina.cn/project_details/12410.html,high,,song_entry,,
MG_02,小黄马,Little Yellow Horse,蒙古族,,内蒙古自治区锡林郭勒盟,Mongolian (khk),nature,courtship,peaceful,yearning,festival,horse;grassland;steppe;yellow_horse;herder,solo,slow,"蒙古族长调代表性曲目，以小黄马为情感载体，表达牧民对马的深情与草原生活的眷恋。长调旋律极富装饰性，尤以诺古拉""（波折音）演唱方式最具特色，声多词少，气息绵长。""",适合检索蒙古族长调、马主题民歌、草原牧歌、锡林郭勒音乐、游牧情感表达等关键词。,《小黄马》流传地区据音乐地图资料指向锡林郭勒盟，但长调在内蒙古各地均有传唱，精确地区存在一定不确定性。,intangible_heritage_registry,https://www.ihchina.cn/project_details/12410.html,medium,,song_entry,,
MG_03,辽阔的草原,The Vast Grassland,蒙古族,,内蒙古自治区（呼伦贝尔等地长调传统区域）,Mongolian (khk),nature,community,peaceful,yearning,festival,grassland;steppe;sky;horizon;wind,solo,slow,蒙古族长调代表性曲目，以辽阔草原为核心意象，展现蒙古族游牧民族对天地自然的深厚情感与哲思。长调集中体现了蒙古游牧文化的特色，与蒙古民族的语言、历史、生态观紧密相连。,适合检索蒙古族长调、草原歌曲、自然意象民歌、辽阔风格、内蒙古传统音乐等关键词。,曲目标注与呼伦贝尔长调传统相关，但无法从标题单独确认具体旗县；地区为推断性标注。,intangible_heritage_registry,https://www.ihchina.cn/project_details/12410.html,medium,,song_entry,,
MG_04,辽阔富饶的阿拉善,The Vast and Fertile Alxa,蒙古族,,内蒙古自治区阿拉善盟,Mongolian (khk),community,nature,joyful,peaceful,festival,desert;grassland;oasis;Alxa;sky,solo,slow,蒙古族长调代表性曲目，以阿拉善地区为主题的地域赞歌，展现草原与荒漠交界地带的独特自然风貌与蒙古族对故土的深情。阿拉善长调风格与东部草原长调略有差异，融入了荒漠高原的苍茫气息。,适合检索蒙古族长调、地域赞歌、阿拉善音乐、草原荒漠风光、内蒙古西部民歌等关键词。,阿拉善地区标注来自非遗网曲目列表，地区归属明确；荒漠意象为基于地理特征的合理推断。,intangible_heritage_registry,https://www.ihchina.cn/project_details/12410.html,high,,song_entry,,
TB_01,驮盐歌,Salt-Carrying Song,藏族,,西藏自治区那曲市（尼玛县文部乡境内）,Tibetan (bod),migration,courtship,melancholic,yearning,labor,salt;plateau;yak;caravan;highland,solo,medium,藏族拉伊（那曲拉伊）是国家级非物质文化遗产扩展项目（编号Ⅱ-21，2014年第四批），主体为歌颂爱情的山歌，劳动歌（驮盐歌、打青稞歌等）为其附属内容。《驮盐歌》反映藏北牧民驮盐商队长途跋涉的生计劳动，同时那曲拉伊整体是藏北先民迁徙、劳动、生存的口传历史。,适合检索藏族劳动歌、驮盐商队、高原生计音乐、那曲民歌、藏北口传历史等关键词。,那曲拉伊主体为爱情山歌，《驮盐歌》属劳动歌附属类别；primary_theme标注migration（迁徙/跋涉）系基于驮盐商队长途行旅的语义推断，emotion及tempo均为推断性标注。,intangible_heritage_registry,https://www.ihchina.cn/project_details/12447/,medium,,song_entry,,
TB_02,打青稞歌,Barley-Threshing Song,藏族,,西藏自治区那曲市（尼玛县文部乡境内）,Tibetan (bod),agriculture,community,joyful,peaceful,labor,barley;plateau;highland;threshing;village,choral,medium,那曲拉伊劳动歌类别中的代表性曲目，反映藏北高原农牧民加工青稞的劳动场景。尼玛县属高原亚寒带气候，青稞是当地主要农作物，打青稞歌在劳动中集体演唱，具有协调劳动节奏的社会功能。,适合检索藏族劳动歌、青稞农业、高原农牧文化、那曲民歌、集体劳动歌曲等关键词。,演唱形式（独唱/合唱）无法从标题单独确认，choral系基于集体劳动歌一般形式的推断；tempo为推断性标注。,intangible_heritage_registry,https://www.ihchina.cn/project_details/12447/,medium,,song_entry,,
NX_01,美丽的白云,Beautiful White Clouds,纳西族,,Yunnan Province; Lijiang City; Gucheng District,Naxi (nxq),nature,spirituality,peaceful,melancholic,ceremony,cloud;sky;mountain;Lijiang;jade_dragon_mountain,polyphonic,slow,纳西族白沙细乐（编号Ⅱ-152，2011年第三批国家级非遗）是器乐、声乐及舞蹈相结合的古典套曲，现存8调，《美丽的白云》为其中之一。白沙细乐历史上与送葬仪式相关，表现生离死别与怀恋缱绻之情，至少需8人合奏，旋律委婉流畅。,"Naxi classical suite movement with lyrical nature imagery. Useful for queries about Naxi ancient music, classical instrumental suites, Lijiang cultural heritage, and meditative instrumental music. Standalone emotional tone is ambiguous given the funeral-associated suite context.",《美丽的白云》作为套曲中的一调，其独立演唱时的情感基调难以与整体套曲的送葬语境完全分离；emotion标注peaceful系基于曲名及抒情风格的推断，实际演奏语境可能更为复杂。,intangible_heritage_registry,https://www.ihchina.cn/project_details/12788.html,medium,,song_entry,,
NX_02,公主哭,Princess's Lament,纳西族,,Yunnan Province; Lijiang City; Gucheng District,Naxi (nxq),ritual,migration,melancholic,solemn,ceremony,princess;parting;sorrow;Lijiang;ancient_court,polyphonic,slow,"白沙细乐现存8调之一，表现生离死别、怀恋缱绻的情感。关于白沙细乐来源有两说：一说为元世祖临别所赠（别时谢礼""），二说为纳西族民间凭吊战争亡灵之乐。《公主哭》与送葬仪式有关联，是套曲中情感最为沉郁的乐章之一。""","Naxi classical suite movement expressing deep grief and parting. Useful for queries about mourning music, ritual farewell songs, Naxi heritage, and melancholic instrumental traditions. Origin of title is historically disputed between two theories.",《公主哭》曲名来源（元代公主说或战争亡灵说）历史上存在两种说法，暂无确考；ritual标注系基于其与送葬仪式关联的推断。,intangible_heritage_registry,https://www.ihchina.cn/project_details/12788.html,medium,,song_entry,,
YI_01,哥唱小曲妹来学,"Brother Sings, Sister Learns",彝族,Nisu (尼苏人),Yunnan Province; Honghe Hani and Yi Autonomous Prefecture; Shiping County,Yi/Nisu (yiv),courtship,community,joyful,yearning,community_gathering,lake;boat;village;Shiping;oar,antiphonal,medium,"彝族海菜腔（编号Ⅱ-31，2006年第一批国家级非遗）是石屏县彝族尼苏人青年男女聚会时所唱的情歌，又称大攀桨""""倒扳桨""，俗称""石屏腔""。《哥唱小曲妹来学》是海菜腔代表性曲目，以男女声对唱形式展现青年男女的情感交流，歌词生动活泼。""","Yi (Nisu) antiphonal courtship song from Shiping. Useful for queries about Yi ethnic music, antiphonal singing, lake-side folk songs, and Yunnan minority courtship traditions.",antiphonal（对唱）系基于海菜腔男女对唱的核心演唱形式；tempo为推断性标注。,intangible_heritage_registry,https://www.ihchina.cn/project_details/12481/,high,,song_entry,,
YI_02,石屏橄榄菜,Shiping Olive Vegetable,彝族,Nisu (尼苏人),Yunnan Province; Honghe Hani and Yi Autonomous Prefecture; Shiping County,Yi/Nisu (yiv),community,nature,peaceful,joyful,community_gathering,olive;Shiping;lake;village;harvest,solo,medium,彝族海菜腔代表性曲目，以石屏当地特产橄榄菜为意象，展现彝族尼苏人对家乡物产与生活的深情描绘。海菜腔在特定生态与社会文化中具有高度适应性，是石屏县最具标志性的民族文化名片之一。,"Yi (Nisu) lyrical folk song celebrating local produce and homeland. Useful for queries about place-based folk songs, Yi ethnic music, and Yunnan community songs. Performance form inferred; olive in title refers to a local pickled vegetable specialty.",《石屏橄榄菜》的具体演唱形式（独唱/对唱）无法从标题单独确认，solo系基于抒情民歌一般形式的推断；橄榄菜意象为地方特产，非植物学意义上的橄榄。,intangible_heritage_registry,https://www.ihchina.cn/project_details/12481/,medium,,song_entry,,
EM_17,阿里郎打令,Arirang Daling,朝鲜族,,Jilin Province; Yanbian Korean Autonomous Prefecture,Korean (kor),courtship,migration,yearning,melancholic,community_gathering,mountain_pass;lover;longing;homeland;journey,solo,medium,Ⅱ-147 (3rd batch 2011); Protected by Yanbian Cultural Arts Research Center. Also recognized as UNESCO ICH by South Korea (2012) and North Korea (2014) for related Arirang traditions.,"Lyrical folk song of ethnic Koreans in China centered on love and longing across the symbolic Arirang mountain pass. Useful for queries about Korean diaspora music, yearning emotion, migration narrative, and cross-border intangible heritage.",,intangible_heritage_registry,https://www.ihchina.cn/project_details/12783/,high,,song_entry,,
EM_18,耶老歌,,侗族,,Guizhou Province; Qiandongnan Miao and Dong Autonomous Prefecture; Liping County,Dong (doc),community,storytelling,solemn,peaceful,community_gathering,drum_tower;village;ancestors;night;gathering,choral,slow,Ⅱ-28; UNESCO ICH 2009. Listed as a representative repertoire item of Dong Grand Song (Gal Lao).,"Representative Dong Grand Song repertoire item with ancestral and community theme. Useful for queries about Dong choral tradition, polyphonic folk music, UNESCO heritage, and solemn community songs.",secondary_theme normalized from 'storytelling' to 'storytelling',intangible_heritage_registry,https://www.ihchina.cn/project_details/20089.html,high,,song_entry,,
EM_19,嘎高胜,,侗族,,Guizhou Province; Qiandongnan Miao and Dong Autonomous Prefecture; Liping County,Dong (doc),community,festival,joyful,energetic,festival,drum_tower;village;celebration;gathering;harmony,choral,medium,Ⅱ-28; UNESCO ICH 2009. Listed as a representative repertoire item of Dong Grand Song.,"Representative Dong Grand Song repertoire item with festive character. Useful for queries about Dong choral music, festival songs, polyphonic tradition, and energetic community singing. Thematic content inferred from context.",Precise meaning of title not detailed in source; inferred as festive/praise category.,intangible_heritage_registry,https://www.ihchina.cn/project_details/20089.html,medium,,song_entry,,
EM_20,侗族琵琶歌,,侗族,,Guizhou Province; Congjiang County; Liping County; Rongjiang County,Dong (doc),courtship,storytelling,yearning,peaceful,community_gathering,pipa;village;drum_tower;moonlight;courtship,instrumental_vocal,medium,"Ⅱ-29 (3rd batch 2011 extension; original 2006). Registered in Congjiang, Rongjiang, and Liping counties.","Dong pipa-accompanied song tradition spanning courtship and narrative genres. Useful for queries about Dong ethnic music, plucked-string folk songs, courtship traditions, and storytelling music.",secondary_theme normalized from 'storytelling' to 'storytelling'. performance_form normalized from 'instrumental_vocal' to 'song_dance'. performance_form retained as 'instrumental_vocal' (original candidate value) rather than normalized to 'song_dance'; pipa-accompanied singing is more precisely described as instrumental_vocal than song_dance.,intangible_heritage_registry,https://www.ihchina.cn/project_details/12470/,high,,performance_tradition,,
EM_21,傣族章哈,,傣族,,Yunnan Province; Xishuangbanna Dai Autonomous Prefecture; also Simao (Pu'er) area,Dai (khb),storytelling,spirituality,peaceful,joyful,ceremony,temple;rice_paddy;festival;river;Buddhist_stupa,solo,medium,Ⅴ-44 (1st batch 2006). 'Zhang Ha' means both 'singer' and the performance tradition.,"Dai narrative singing tradition used across all major life ceremonies including Buddhist festivals and weddings. Useful for queries about Dai ethnic music, narrative folk performance, Buddhist festival music, and Yunnan ceremonial traditions.",primary_theme normalized from 'storytelling' to 'storytelling',intangible_heritage_registry,https://www.ihchina.cn/project_details/13665.html,high,,performance_tradition,,
EM_22,白族绕三灵（白族调/赛歌）,,白族,,Yunnan Province; Dali Bai Autonomous Prefecture; Cangshan-Erhai area,Bai (bca),ritual,community,joyful,solemn,festival,Erhai_lake;Cangshan_mountain;temple;willow;procession,antiphonal,medium,Ⅹ-41 (1st batch 2006). Classified as folk custom (民俗).,"Bai annual pilgrimage festival integrating antiphonal singing, dance, and religious ritual over 40+ km. Useful for queries about Bai ethnic music, ritual festival songs, antiphonal traditions, and Yunnan religious folk customs. No standalone named song title available from official source.",,intangible_heritage_registry,https://www.ihchina.cn/project_details/14999.html,high,,performance_tradition,,
EM_23,新疆维吾尔木卡姆艺术（十二木卡姆）,,维吾尔族,,Xinjiang Uyghur Autonomous Region; Kashgar; Hotan; Aksu; Ili,Uyghur (uig),community,spirituality,energetic,solemn,community_gathering,oasis;desert;silk_road;court;dance,ensemble,medium,Ⅱ-70 (1st batch 2006). 12 suites (~300 pieces; full performance ~20 hours).,"Uyghur grand musical suite tradition integrating song, dance, and narrative; UNESCO heritage since 2005. Useful for queries about Uyghur music, Silk Road musical traditions, Central Asian music suites, and large-scale ensemble performance.","primary_theme normalized from 'history' to 'community'. performance_form normalized from 'ensemble' to 'polyphonic'. performance_form retained as 'ensemble' (original candidate value) rather than normalized to 'polyphonic'; Muqam integrates song, dance, and multi-instrument performance, making 'ensemble' more faithful than 'polyphonic'.",intangible_heritage_registry,https://www.ihchina.cn/project_details/12595/,high,,performance_tradition,,
EM_24,藏族民歌（川西藏族山歌）,,藏族,,Sichuan Province; Aba Tibetan and Qiang Autonomous Prefecture; also Ganzi Prefecture (Luhuo County),Tibetan (bod),nature,courtship,yearning,peaceful,labor,mountain;highland;yak;sky;wind,solo,slow,"Ⅱ-115 (2nd batch 2008). Highly free-tempo, wide vocal range, improvised.","Free-tempo Tibetan mountain song tradition from western Sichuan with wide vocal range and improvisational character. Useful for queries about Tibetan folk songs, highland pastoral music, Kham Tibetan music, and endangered vocal traditions. Tempo marked slow to reflect expansive free style; actual tempo varies.",,intangible_heritage_registry,https://www.ihchina.cn/project_details/12672.html,high,,performance_tradition,,
EM_25,苗族民歌（革东苗族飞歌）,,苗族,,Guizhou Province; Jianhe County; Gedong Town; also Cengong Town and Taijiang County Shidong Town,Miao/Hmong (hmj),community,courtship,energetic,joyful,community_gathering,mountain;valley;echo;festival;open_air,solo,fast,"Ⅱ-109 (3rd batch 2011 extension). Sung in true voice (真嗓), high-pitched and penetrating, audible for several li.","High-pitched penetrating Miao mountain song tradition from Gedong with wide contextual use across labor, weddings, and festivals. Useful for queries about Miao flying song, energetic outdoor folk singing, Guizhou ethnic music, and antiphonal mountain calls.",,intangible_heritage_registry,https://www.ihchina.cn/project_details/12662/,high,,performance_tradition,,
